rank,name,symbol,master_score,conviction_score,current_pe,upside_pct,target_12m,target_24m,status
2,Venus Remedies,VENUSREM.NS,76.6,91.37,N/A,N/A,N/A,N/A,Error
1,Thyrocare,THYROCARE.NS,75.3,75.0,N/A,N/A,N/A,N/A,Error
23,P.E. Analytics,PROPEQUITY.NS,69.5,61.05,N/A,N/A,N/A,N/A,Error
3,Dynamic Cables,DYCL.NS,67.5,60.18,N/A,N/A,N/A,N/A,Error
35,Vaibhav Global,VAIBHAVGBL.NS,65.4,47.0,N/A,N/A,N/A,N/A,Error
6,Macpower CNC Machines,MACPOWER.NS,65.1,80.75,N/A,N/A,N/A,N/A,Error
5,ADF FOOD,ADFFOODS.NS,62.6,51.9,N/A,N/A,N/A,N/A,Error
4,Matrimony.com,MATRIMONY.NS,62.4,60.25,N/A,N/A,N/A,N/A,Error
12,Valiant Communications,VALIANT.BO,62.4,54.09,N/A,N/A,N/A,N/A,Error
53,Vinati Organics,VINATIORGA.NS,61.2,62.46,N/A,N/A,N/A,N/A,Error
7,SJS Enterprises,SJS.NS,60.9,56.71,N/A,N/A,N/A,N/A,Error
41,Time Technoplast,TIMETECHNO.NS,60.6,70.37,N/A,N/A,N/A,N/A,Error
54,DDev Plastiks Industries,DDEVPLSTIK.NS,60.1,53.18,N/A,N/A,N/A,N/A,Error
8,Engineers India,ENGINERSIN.NS,59.6,56.25,N/A,N/A,N/A,N/A,Error
9,Aries Agro,ARIES.NS,58.4,48.0,N/A,N/A,N/A,N/A,Error
10,Marksans Pharma,MARKSANS.NS,58.4,52.75,N/A,N/A,N/A,N/A,Error
11,Univastu India,UNIVASTU.NS,58.1,48.5,N/A,N/A,N/A,N/A,Error
76,Bondada Engineering,BONDADA.BO,55.9,29.75,N/A,N/A,N/A,N/A,Error
77,Force Motors,FORCEMOT.NS,55.3,68.0,N/A,N/A,N/A,N/A,Error
13,KSH International,KSHINTL.NS,54.6,46.31,N/A,N/A,N/A,N/A,Error
68,Carysil,CARYSIL.NS,54.5,51.08,N/A,N/A,N/A,N/A,Error
19,Mayur Uniquoters,MAYURUNIQ.NS,54.3,44.0,N/A,N/A,N/A,N/A,Error
14,Ajanta Pharma,AJANTPHARM.NS,53.9,59.21,N/A,N/A,N/A,N/A,Error
86,Jeena Sikho Lifecare,JSLL.NS,53.6,52.21,N/A,N/A,N/A,N/A,Error
87,Prevest Denpro,PREVEST.BO,53.5,35.75,N/A,N/A,N/A,N/A,Error
46,Lohia Corp,,53.4,54.0,N/A,N/A,N/A,N/A,Error
15,KMC Speciality hospital,KMCSHIL.BO,53.2,57.0,N/A,N/A,N/A,N/A,Error
88,Cummins India,CUMMINSIND.NS,53.0,45.0,N/A,N/A,N/A,N/A,Error
16,Aeroflex Industries,AEROFLEX.NS,52.4,84.62,N/A,N/A,N/A,N/A,Error
69,Punjab Chemicals & Crop Protection,PUNJABCHEM.NS,52.2,50.4,N/A,N/A,N/A,N/A,Error
17,Steelcast,STEELCAS.NS,51.6,51.67,N/A,N/A,N/A,N/A,Error
18,Indegene,INDGN.NS,49.7,44.4,N/A,N/A,N/A,N/A,Error
20,HBL Engineering,HBLENGINE.NS,49.0,65.75,N/A,N/A,N/A,N/A,Error
24,Astra Microwave,ASTRAMICRO.NS,49.0,35.0,N/A,N/A,N/A,N/A,Error
25,NGL Fine,NGLFINE.NS,48.9,54.33,N/A,N/A,N/A,N/A,Error
21,Arvind SmartSpaces,ARVSMART.NS,48.5,55.4,N/A,N/A,N/A,N/A,Error
26,3B Blackbio DX,3BBLACKBIO.BO,47.1,49.5,N/A,N/A,N/A,N/A,Error
29,Vimta Labs,VIMTALABS.NS,47.0,40.71,N/A,N/A,N/A,N/A,Error
31,Acutaas Chemicals,ACUTAAS.NS,47.0,44.47,N/A,N/A,N/A,N/A,Error
32,Bansal Roofing Products,BRPL.BO,46.5,53.25,N/A,N/A,N/A,N/A,Error
36,GNG Electronics,EBGNG.NS,46.4,40.46,N/A,N/A,N/A,N/A,Error
22,Dhabriya Polywood,DHABRIYA.BO,46.2,36.42,N/A,N/A,N/A,N/A,Error
33,Sambhv Steel Tubes,SAMBHV.NS,46.0,59.62,N/A,N/A,N/A,N/A,Error
30,Jubilant Agri and Consumer Products,JUBLCPL.NS,45.9,35.25,N/A,N/A,N/A,N/A,Error
37,Privi Speciality Chemicals,PRIVISCL.NS,45.4,45.62,N/A,N/A,N/A,N/A,Error
47,Arrow Greentech,ARROWGREEN.NS,45.4,29.75,N/A,N/A,N/A,N/A,Error
27,Neuland Laboratories,NEULANDLAB.NS,44.9,57.0,N/A,N/A,N/A,N/A,Error
42,Sika Interplant Systems,SIKA.BO,44.9,45.92,N/A,N/A,N/A,N/A,Error
34,Inventurus Knowledge Solutions,IKS.NS,44.8,32.44,N/A,N/A,N/A,N/A,Error
38,TD Power Systems,TDPOWERSYS.NS,44.8,56.27,N/A,N/A,N/A,N/A,Error
92,Kalyani Cast,544023.BO,44.3,56.87,N/A,N/A,N/A,N/A,Error
39,Kovai Medical Center and Hospital,KOVAI.NS,44.2,39.91,N/A,N/A,N/A,N/A,Error
43,Skipper,SKIPPER.NS,44.2,48.75,N/A,N/A,N/A,N/A,Error
40,Frontier Springs,FRONTSP.BO,43.9,45.25,N/A,N/A,N/A,N/A,Error
44,Ultramarine & Pigments,ULTRAMAR.BO,43.9,38.74,N/A,N/A,N/A,N/A,Error
48,Jasch Industries,JASCH.BO,42.8,38.98,N/A,N/A,N/A,N/A,Error
97,OBSC Perfection,,42.8,42.45,N/A,N/A,N/A,N/A,Error
49,RBZ Jewellers,RBZJEWEL.NS,42.1,29.0,N/A,N/A,N/A,N/A,Error
50,Emmvee Photovoltaic Power,EMMVEE.NS,41.8,39.25,N/A,N/A,N/A,N/A,Error
28,Raymond Realty,RAYMONDREL.NS,41.7,61.79,N/A,N/A,N/A,N/A,Error
51,Gufic BioSciences,GUFICBIO.NS,41.5,49.0,N/A,N/A,N/A,N/A,Error
55,Lumax Industries,LUMAXIND.NS,41.4,30.25,N/A,N/A,N/A,N/A,Error
89,Neetu Yoshi,NEETUYOSHI.BO,40.3,37.96,N/A,N/A,N/A,N/A,Error
93,Bliss GVS Pharma,BLISSGVS.NS,39.5,31.75,N/A,N/A,N/A,N/A,Error
66,Marine Electricals,MARINE.NS,39.3,39.25,N/A,N/A,N/A,N/A,Error
52,Technocraft Industries,TIIL.NS,39.1,50.92,N/A,N/A,N/A,N/A,Error
58,Dr Agarwal's Eye Hospital,AGARWALEYE.NS,38.9,27.75,N/A,N/A,N/A,N/A,Error
59,EPL,EPL.NS,38.8,31.0,N/A,N/A,N/A,N/A,Error
57,RNIT AI Solutions,RNITAI.BO,38.6,39.5,N/A,N/A,N/A,N/A,Error
60,Suprajit Engineering,SUPRAJIT.NS,38.6,42.51,N/A,N/A,N/A,N/A,Error
45,Sun Pharma,SUNPHARMA.NS,38.5,41.25,N/A,N/A,N/A,N/A,Error
61,Sai Life Sciences,SAILIFE.NS,37.5,65.43,N/A,N/A,N/A,N/A,Error
62,Entero Healthcare Solutions,ENTERO.NS,37.4,61.42,N/A,N/A,N/A,N/A,Error
56,Capri Global Capital,CGCL.NS,36.9,53.25,N/A,N/A,N/A,N/A,Error
63,Maharashtra seamless,MAHSEAMLES.NS,36.8,28.42,N/A,N/A,N/A,N/A,Error
64,Goodluck India,GOODLUCK.NS,36.4,43.78,N/A,N/A,N/A,N/A,Error
78,Deep Industries,DEEPINDS.NS,36.2,36.37,N/A,N/A,N/A,N/A,Error
79,Pix Transmissions,PIXTRANS.NS,36.1,21.61,N/A,N/A,N/A,N/A,Error
80,Kwality Pharmaceuticals,KPL.BO,35.9,31.58,N/A,N/A,N/A,N/A,Error
70,Zinka Logistics Solutions,BLACKBUCK.NS,35.6,43.93,N/A,N/A,N/A,N/A,Error
81,Alufluoride,ALUFLUOR.BO,35.5,32.58,N/A,N/A,N/A,N/A,Error
65,Hind Rectifiers,HIRECT.NS,34.9,31.25,N/A,N/A,N/A,N/A,Error
67,20 Microns,20MICRONS.NS,34.9,30.03,N/A,N/A,N/A,N/A,Error
71,Pitti Engineering,PITTIENG.NS,34.3,16.05,N/A,N/A,N/A,N/A,Error
82,Modern Insulators,MODINSU.BO,34.0,32.53,N/A,N/A,N/A,N/A,Error
72,Shaily Engineering Plastics,SHAILY.NS,33.9,29.45,N/A,N/A,N/A,N/A,Error
73,Chaman Lal Setia Exports,CLSEL.NS,33.5,26.05,N/A,N/A,N/A,N/A,Error
94,Raghav Productivity Solutions,RPEL.NS,33.0,29.25,N/A,N/A,N/A,N/A,Error
95,MTAR Technologies,MTARTECH.NS,32.9,63.0,N/A,N/A,N/A,N/A,Error
83,Sona BLW Precision Forgings,SONACOMS.NS,32.6,23.9,N/A,N/A,N/A,N/A,Error
84,J.G. Chemicals,JGCHEM.NS,32.6,11.9,N/A,N/A,N/A,N/A,Error
98,Sudeep Pharma,SUDEEPPHRM.NS,32.4,25.75,N/A,N/A,N/A,N/A,Error
75,Apcotex Industries,APCOTEXIND.NS,31.8,30.81,N/A,N/A,N/A,N/A,Error
85,Sky Gold,SKYGOLD.NS,31.7,39.96,N/A,N/A,N/A,N/A,Error
90,Kamat Hotels,KAMATHOTEL.NS,31.6,13.58,N/A,N/A,N/A,N/A,Error
91,Arman Financial Services,ARMANFIN.NS,31.5,43.0,N/A,N/A,N/A,N/A,Error
96,Divgi TorqTransfer Systems,DIVGIITTS.NS,30.6,21.5,N/A,N/A,N/A,N/A,Error
74,Sri Lotus Developers,LOTUSDEV.NS,30.4,29.0,N/A,N/A,N/A,N/A,Error
99,Ather Energy,ATHERENERG.NS,25.9,25.93,N/A,N/A,N/A,N/A,Error
100,Venus Pipes & Tubes,VENUSPIPES.NS,25.0,25.0,N/A,N/A,N/A,N/A,Error
